G1,G2,K,Accuracy-Alpine,Accuracy-Alpine++,Accuracy-Martian,CRP-Alpine,CRP-Alpine++,CRP-Martian,FROB-Alpine,FROB-Alpine++,FROB-Martian
football,malaria,0.6,53.769000000000005,42.898,53.76800000000001,37.1,29.6,37.1,9.507136119576973,11.380087582769606,11.30353607501245
football,malaria,0.7,52.625,37.25,25.875,42.1,29.8,20.7,11.878545596366251,13.281221674112558,17.79527013378343
football,malaria,0.8,48.589,49.132,39.349000000000004,44.7,45.2,36.2,16.045440242664846,16.180951972234805,20.956392332326608
football,malaria,0.9,88.836,89.51599999999999,61.359,91.5,92.2,63.2,5.841287451118398,5.6221970129690675,15.100986187448708
