G1,G2,K,Accuracy-Alpine,Accuracy-Alpine++,Accuracy-Martian,CRP-Alpine,CRP-Alpine++,CRP-Martian,FROB-Alpine,FROB-Alpine++,FROB-Martian
jazz,celegans,0.6,56.779999999999994,53.815,71.35600000000001,67.0,63.5,84.2,22.37160890237927,22.717266873548756,19.225156187590603
jazz,celegans,0.7,88.55199999999999,89.566,94.709,122.2,123.6,130.7,13.535724513708647,13.577499427904968,8.238746944137903
jazz,celegans,0.8,95.19,95.316,99.113,150.4,150.6,156.6,9.268682152382578,9.16852699175592,3.397968262364291
jazz,celegans,0.9,97.863,97.91900000000001,99.72,174.2,174.3,177.5,5.134549860385092,5.134549860385092,0.9404918347287665
