G1,G2,K,Accuracy-Alpine,Accuracy-Alpine++,Accuracy-Martian,CRP-Alpine,CRP-Alpine++,CRP-Martian,FROB-Alpine,FROB-Alpine++,FROB-Martian
malaria,village,0.6,86.466,90.977,95.05499999999999,159.1,167.4,174.9,15.285836436714096,12.122842911347146,8.327323891855574
malaria,village,0.7,92.244,93.971,97.663,197.4,201.1,209.0,12.961965106483294,10.815215881694247,6.538779068551389
malaria,village,0.8,95.91900000000001,96.571,99.101,235.0,236.6,242.8,9.458736508350622,8.47466692051977,3.9844743124932007
malaria,village,0.9,98.116,98.261,99.712,270.8,271.2,275.2,6.277276249744569,5.928840961332456,1.8830716663419715
